{
  "skyColor": {
    "red": 140,
    "green": 190,
    "blue": 214,
    "type": "Color"
  },
  "cameraOrigin": {
    "x": 0,
    "y": 2,
    "z": 0,
    "type": "Vector3"
  },
  "sceneObjects": [
    {
      "center": {
        "x": 0,
        "y": 1,
        "z": -4,
        "type": "Vector3"
      },
      "type": "Sphere",
      "name": "Ball 1",
      "radius": 1,
      "albedo": {
        "red": 230,
        "green": 230,
        "blue": 230,
        "type": "Color"
      }
    },
    {
      "center": {
        "x": 1,
        "y": 2,
        "z": -7,
        "type": "Vector3"
      },
      "type": "Sphere",
      "name": "Ball 2",
      "radius": 2,
      "albedo": {
        "red": 230,
        "green": 230,
        "blue": 230,
        "type": "Color"
      }
    },
    {
      "center": {
        "x": -1,
        "y": 3.5,
        "z": -4.5,
        "type": "Vector3"
      },
      "type": "Sphere",
      "name": "Red ball",
      "radius": 0.33,
      "albedo": {
        "red": 255,
        "green": 128,
        "blue": 153,
        "type": "Color"
      }
    },
    {
      "normal": {
        "x": 0,
        "y": 1,
        "z": 0,
        "type": "Vector3"
      },
      "type": "Plane",
      "name": "Floor",
      "origin": {
        "x": 0,
        "y": 0,
        "z": 0,
        "type": "Vector3"
      },
      "albedo": {
        "red": 153,
        "green": 153,
        "blue": 153,
        "type": "Color"
      }
    }
  ],
  "shadowBias": 1.0E-4,
  "type": "Scene",
  "fov": 75,
  "lights": [
    {
      "intensity": 2000,
      "colour": {
        "red": 255,
        "green": 204,
        "blue": 153,
        "type": "Color"
      },
      "position": {
        "x": -4,
        "y": 5,
        "z": 0,
        "type": "Vector3"
      },
      "type": "PointLight",
      "name": "Spotlight"
    },
    {
      "intensity": 400,
      "colour": {
        "red": 51,
        "green": 153,
        "blue": 255,
        "type": "Color"
      },
      "position": {
        "x": 4,
        "y": 2,
        "z": -2,
        "type": "Vector3"
      },
      "type": "PointLight",
      "name": "Blue wash"
    },
    {
      "intensity": 0.25,
      "colour": {
        "red": 255,
        "green": 255,
        "blue": 255,
        "type": "Color"
      },
      "name": "Floodlight",
      "type": "DirectionalLight",
      "direction": {
        "x": 0,
        "y": -1,
        "z": 0,
        "type": "Vector3"
      }
    }
  ]
}