{
  "skyColor": {
    "red": 140,
    "green": 190,
    "blue": 214,
    "type": "Color"
  },
  "cameraOrigin": {
    "x": 0,
    "y": 5,
    "z": 0,
    "type": "Vector3"
  },
  "sceneObjects": [
    {
      "center": {
        "x": 0,
        "y": 0,
        "z": -10,
        "type": "Vector3"
      },
      "name": "Ball 5",
      "type": "Sphere",
      "radius": 2.5,
      "albedo": {
        "red": 230,
        "green": 230,
        "blue": 230,
        "type": "Color"
      }
    },
    {
      "center": {
        "x": 0,
        "y": 2.5,
        "z": -10,
        "type": "Vector3"
      },
      "name": "Ball 4",
      "type": "Sphere",
      "radius": 2,
      "albedo": {
        "red": 230,
        "green": 230,
        "blue": 230,
        "type": "Color"
      }
    },
    {
      "center": {
        "x": 0,
        "y": 4.5,
        "z": -10,
        "type": "Vector3"
      },
      "name": "Ball 3",
      "type": "Sphere",
      "radius": 1.5,
      "albedo": {
        "red": 230,
        "green": 230,
        "blue": 230,
        "type": "Color"
      }
    },
    {
      "center": {
        "x": 0,
        "y": 6,
        "z": -10,
        "type": "Vector3"
      },
      "name": "Ball 2",
      "type": "Sphere",
      "radius": 1,
      "albedo": {
        "red": 230,
        "green": 230,
        "blue": 230,
        "type": "Color"
      }
    },
    {
      "center": {
        "x": 0,
        "y": 7.5,
        "z": -10,
        "type": "Vector3"
      },
      "name": "Ball 1",
      "type": "Sphere",
      "radius": 0.5,
      "albedo": {
        "red": 230,
        "green": 230,
        "blue": 230,
        "type": "Color"
      }
    },
    {
      "normal": {
        "x": 0,
        "y": 1,
        "z": 0,
        "type": "Vector3"
      },
      "origin": {
        "x": 0,
        "y": 0,
        "z": 0,
        "type": "Vector3"
      },
      "type": "Plane",
      "name": "Floor",
      "albedo": {
        "red": 153,
        "green": 153,
        "blue": 153,
        "type": "Color"
      }
    },
    {
      "normal": {
        "x": 0,
        "y": 0,
        "z": 1,
        "type": "Vector3"
      },
      "origin": {
        "x": 0,
        "y": 0,
        "z": -20,
        "type": "Vector3"
      },
      "type": "Plane",
      "name": "Back Wall",
      "albedo": {
        "red": 255,
        "green": 255,
        "blue": 255,
        "type": "Color"
      }
    }
  ],
  "shadowBias": 1.0E-4,
  "type": "Scene",
  "fov": 75,
  "lights": [
    {
      "intensity": 1000,
      "colour": {
        "red": 255,
        "green": 51,
        "blue": 51,
        "type": "Color"
      },
      "name": "Red Light",
      "position": {
        "x": -5,
        "y": 3,
        "z": -7,
        "type": "Vector3"
      },
      "type": "PointLight"
    },
    {
      "intensity": 1600,
      "colour": {
        "red": 102,
        "green": 255,
        "blue": 102,
        "type": "Color"
      },
      "name": "Green Light",
      "position": {
        "x": 0,
        "y": 10,
        "z": -5,
        "type": "Vector3"
      },
      "type": "PointLight"
    },
    {
      "intensity": 1300,
      "colour": {
        "red": 51,
        "green": 102,
        "blue": 255,
        "type": "Color"
      },
      "name": "Blue light",
      "position": {
        "x": 5,
        "y": 3,
        "z": -7,
        "type": "Vector3"
      },
      "type": "PointLight"
    }
  ]
}